keyword,category
"A. S. Sivakumar, pondicherry",Government Official
Abhishek Prasad,Government Official
"Adil Khan, IAS",IAS Officer
AiCTSL,Transport Body / STU
Ajit Debnath,Government Official
Alapan Bandyopadhyay,Government Official
"Amandeep Kaur, IAS",IAS Officer
"Amit Sharma, IAS, Secretary",IAS Officer
"Amrit Abhijat, I.A.S",IAS Officer
Anurag Jain,Government Official
Arvind Kumar Sharma,Government Official
"Ashima Jain, I.A.S",IAS Officer
Ashish Kundra,Government Official
Assam State Transport Corporation,Transport Body / STU
Aurangabad Smart City Limited (ASCL),Smart City
B. P. Umashankar,Government Official
B.D Singh,Government Official
Bibhuti Bhusan Jena,Government Official
Bihar State Road Transport Corporation,Transport Body / STU
Brig. (Dr.) B. D. Mishra (Retd.),Government Official
Brihanmumbai Electricity Supply and Transport Undertaking (BEST),Transport Body / STU
Bus transportation,Chalo / Bus Transport
chalo app,Chalo / Bus Transport
chalo bus,Chalo / Bus Transport
chalo card,Chalo / Bus Transport
Chalo Mobility,Chalo / Bus Transport
"Chimoy Prakash Phookan, IAS",IAS Officer
Chintamani Bhide,Government Official
CRUT,Transport Body / STU
D Thara MoHUA,Central Ministry
"Danish Ashraf, IAS",IAS Officer
Daya Shankar Singh,Government Official
Deepak Biru Jharkhand,Government Official
Deepak Shinde,Government Official
Delhi,Government Official
Devansh yadav,Government Official
Devendra Fadnavis,Government Official
"Dilraj Singh, IAS",IAS Officer
Dipanshu Kabra(I.P.S.),IPS Officer
Divyank Singh IAS,IAS Officer
"Dr. A. Muthamma, I.A.S.",IAS Officer
"Dr. Hasmukh Adhia, IAS",IAS Officer
Dr. Himanta Biswa sarma,Government Official
Dr. Krushna Chandra Mahapatra,Government Official
Dr. Lorrain Lalpekliana Chinzah,Government Official
Dr. N Thirumala Naik,Government Official
"Dr. V. Candavelou, IAS",IAS Officer
DTC,Transport Body / STU
"E. Kharmalki, I.A.S",IAS Officer
Eknath Shinde,Government Official
"G. Prasanna Ramaswamy, IAS",IAS Officer
General (Dr.) V.K. Singh,Government Official
Govind Singh Rajput,Government Official
Govind Singh Rajput Minister,Minister
Hamletson Dohling,Government Official
Hardeep Singh Puri,Government Official
Harsh Sanghavi,Government Official
Hemant Soren,Government Official
Hiren Joshi,Government Official
IAS,IAS Officer
India's Bus,Chalo / Bus Transport
Indian Politics,General Topic
Indian Transport,Government Official
Ishwarbhai Patel,Government Official
Jammu Smart City Limited JSCL,Smart City
Jitendra Patil,Government Official
K. B. Ganesh Kumar,Government Official
Kailash Gahlot,Government Official
Kathikala Srinivasa,Government Official
Keshab Mahanta,Government Official
Khashim Vashum,Government Official
Kripanand Jha,Government Official
KSRTC,Transport Body / STU
Laljit Singh Bhullar,Government Official
Lanka Dinakar,Government Official
M. B. Rajesh,Government Official
M. K. Das (I.A.S),IAS Officer
"M.R. Synrem, I.A.S",IAS Officer
Mandipalli Ramprasad Reddy,Government Official
"Manish Kumar Sinha, I.P.S.",IPS Officer
Mauvin Godinho,Government Official
Ministers of India,Minister
Mohammad Akbar,Government Official
Mohan Charan Majhi,Government Official
Mohan Yadav,Government Official
MoHUA,Central Ministry
Mool Chand Sharma,Government Official
MoRTH,Central Ministry
Mukesh Agnihotri,Government Official
Nagpur Municipal Corporation,Government Official
Naresh Kumar,Government Official
"Navdeep Singh Virk, IPS",IPS Officer
"Neeraj Semwal, IAS",IAS Officer
New appointments of minister in india,Minister
New appointments in Indian Government,General Appointment Topic
New appointments of IAS officers in India,IAS Officer
Nitin Jairam Gadkari,Government Official
"Nitin Kumar Yadav, IAS",IAS Officer
Nitin Nabin,Government Official
Nitish Kumar,Government Official
Omar Abdullah,Government Official
owais ahmad,Government Official
"P.S.Pradyumna, I.A.S",IAS Officer
Pankaj Kumar Jha,Government Official
"Pardeep Kumar, IAS",IAS Officer
Parimal Suklyabaidya,Government Official
Pinarayi Vijayan,Government Official
Pinipe Viswarup,Government Official
ponnam prabhakar,Government Official
Prabhakara Varma N,Government Official
"Praful Patel, Lakshadweep",Government Official
Pramod Pandurang Sawant,Government Official
Prince Dhawan,Government Official
Pu Vanlalhlana,Government Official
Public Bus transport India,Chalo / Bus Transport
raghuvinder shokeen,Government Official
"Rahul Sharma, IAS",IAS Officer
Raj Kamal Yadav IAS,IAS Officer
"Rajender Pensiya, I.A.S",IAS Officer
Rajesh Manjhu (I.A.S),IAS Officer
Rajiv Jaitely,Government Official
Rakesh Rathore 'Guru',Government Official
Ramalinga Reddy,Government Official
S Prakash (I.A.S.),IAS Officer
S. Sreejith IPS,IPS Officer
S. Thirugnana Sambandam,Government Official
S.Chandira Priyanga,Government Official
"Saloni Rai, IAS",IAS Officer
Sandeep Kumar IAS,IAS Officer
"Sanjay Kumar Agarwal, I.A.S.",IAS Officer
Sanjay Kumar Jha,Government Official
Satinder Pal Singh,Government Official
Satish Sharma,Government Official
"Sh. Vijoy Kumar Singh, IAS",IAS Officer
Sheela Kumari,Government Official
Shri Arun Sao,Government Official
Shri Ashok Singhal,Government Official
Shri Bibhuti Bhusan Jena,Government Official
Shri Kailash Vijayvargiya,Government Official
Shri Mahmood Ahmed,Government Official
Shri Nakap Nalo,Government Official
Sibi Chakkravarty,Government Official
Sniawabhalang dhar,Government Official
Sniawbhalang Dhar Minister,Minister
Sri. K.V. Prabhkhar,Government Official
Srinagar Smart City Limited SSCL,Smart City
SS Sivasankar,Government Official
State Transport India,Transport Body / STU
State Transport Unit India,Transport Body / STU
"Subhash Chandra, IAS",IAS Officer
Sukhveer Singh,Government Official
Surendrakumar Bagde,Government Official
Tokhan Sahu,Government Official
TSRTC,Transport Body / STU
Uday Pratap Singh,Government Official
"Vaibhav Rikhari, DANICS",DANICS Officer
"Vinay Pratap Singh, IAS",IAS Officer
Vinod Jadhav,Government Official
Vishnu Deo Sai,Government Official
Vishwajit Rane,Government Official
"Vishwendra, DANICS",DANICS Officer
"Vivek Bhimanwar, IAS",IAS Officer
"Vivek Pandey, IAS",IAS Officer
Yogeesh A.M I.A.S,IAS Officer
"Tinku Biswal, IAS",IAS Officer
Ardh Jain IAS,IAS Officer
"Chetan P. S. Rao, IRS (IT: 2002)",Civil Service Officer
"Chhavi Bhardwaj, IAS (2008)",IAS Officer
P. Guruprasad (IAS),IAS Officer
"Vijay Vishwas Pant (IAS, 2004)",IAS Officer
Arvind Kumar Shah IAs,IAS Officer
Shishir Gemavat,Government Official
Sh.Ranjodh Singh Hadana,Government Official
"T.L. Satyaprakash, IAS",IAS Officer
Jitendra Yadav IAS,IAS Officer
"K Balaji, IAS",IAS Officer
"Ajay Chauhan, IAS",IAS Officer
Saumya agarwal Ias,IAS Officer
"Anamika Singh, IAS",IAS Officer
BMTC,Transport Body / STU
UPSRTC,Transport Body / STU
BEST,Transport Body / STU
Transport Commissioner,Transport Body / STU
State Transport Undertaking,Transport Body / STU
Transport Department,Transport Body / STU
